{
  "target_size": [
    224,
    224
  ],
  "batch_size": 32,
  "class_order": [
    "non_fibroid",
    "fibroid"
  ],
  "blur_threshold": 829.7745392156422,
  "contrast_threshold": 44.8245012664374
}