{
  "target_size": [
    224,
    224
  ],
  "batch_size": 32,
  "class_order": [
    "non_fibroid",
    "fibroid"
  ],
  "blur_threshold": 841.0954596139561,
  "contrast_threshold": 46.39506189087823
}